<?xml version="1.0" encoding="UTF-8"?>
<GenRun Id="synth_1" LaunchPart="xc7a35tcpg236-1" LaunchTime="1766315715">
  <File Type="PA-TCL" Name="top.tcl"/>
  <File Type="REPORTS-TCL" Name="top_reports.tcl"/>
  <File Type="RDS-RDS" Name="top.vds"/>
  <File Type="RDS-UTIL" Name="top_utilization_synth.rpt"/>
  <File Type="RDS-UTIL-PB" Name="top_utilization_synth.pb"/>
  <File Type="RDS-DCP" Name="top.dcp"/>
  <FileSet Name="sources" Type="DesignSrcs" RelSrcDir="$PSRCDIR/sources_1">
    <Filter Type="Srcs"/>
    <File Path="$PSRCDIR/sources_1/new/five_bits_subtractor.v">
      <FileInfo>
        <Attr Name="ImportPath" Val="$PPRDIR/../../../../lab2_assignment.srcs/sources_1/new/five_bits_subtractor.v"/>
        <Attr Name="ImportTime" Val="1766311207"/>
        <Attr Name="UsedIn" Val="synthesis"/>
        <Attr Name="UsedIn" Val="implementation"/>
        <Attr Name="UsedIn" Val="simulation"/>
      </FileInfo>
    </File>
    <File Path="$PSRCDIR/sources_1/new/led_swi.v">
      <FileInfo>
        <Attr Name="ImportPath" Val="$PPRDIR/../../../../lab2_assignment.srcs/sources_1/new/led_swi.v"/>
        <Attr Name="ImportTime" Val="1766306835"/>
        <Attr Name="UsedIn" Val="synthesis"/>
        <Attr Name="UsedIn" Val="implementation"/>
        <Attr Name="UsedIn" Val="simulation"/>
      </FileInfo>
    </File>
    <File Path="$PSRCDIR/sources_1/new/one_bit_full_adder.v">
      <FileInfo>
        <Attr Name="ImportPath" Val="$PPRDIR/../../../../lab2_assignment.srcs/sources_1/new/one_bit_full_adder.v"/>
        <Attr Name="ImportTime" Val="1766127040"/>
        <Attr Name="UsedIn" Val="synthesis"/>
        <Attr Name="UsedIn" Val="implementation"/>
        <Attr Name="UsedIn" Val="simulation"/>
      </FileInfo>
    </File>
    <File Path="$PSRCDIR/sources_1/new/sev_seg_disp.v">
      <FileInfo>
        <Attr Name="ImportPath" Val="$PPRDIR/../../../../lab2_assignment.srcs/sources_1/new/sev_seg_disp.v"/>
        <Attr Name="ImportTime" Val="1766310475"/>
        <Attr Name="UsedIn" Val="synthesis"/>
        <Attr Name="UsedIn" Val="implementation"/>
        <Attr Name="UsedIn" Val="simulation"/>
      </FileInfo>
    </File>
    <File Path="$PSRCDIR/sources_1/new/two_complement.v">
      <FileInfo>
        <Attr Name="ImportPath" Val="$PPRDIR/../../../../lab2_assignment.srcs/sources_1/new/two_complement.v"/>
        <Attr Name="ImportTime" Val="1766306843"/>
        <Attr Name="UsedIn" Val="synthesis"/>
        <Attr Name="UsedIn" Val="implementation"/>
        <Attr Name="UsedIn" Val="simulation"/>
      </FileInfo>
    </File>
    <File Path="$PSRCDIR/sources_1/new/top_module.v">
      <FileInfo>
        <Attr Name="ImportPath" Val="$PPRDIR/../../../../lab2_assignment.srcs/sources_1/new/top_module.v"/>
        <Attr Name="ImportTime" Val="1766315206"/>
        <Attr Name="UsedIn" Val="synthesis"/>
        <Attr Name="UsedIn" Val="implementation"/>
        <Attr Name="UsedIn" Val="simulation"/>
      </FileInfo>
    </File>
    <File Path="$PSRCDIR/sources_1/new/four_bits_full_adder.v">
      <FileInfo>
        <Attr Name="AutoDisabled" Val="1"/>
        <Attr Name="ImportPath" Val="$PPRDIR/../../../../lab2_assignment.srcs/sources_1/new/four_bits_full_adder.v"/>
        <Attr Name="ImportTime" Val="1766128162"/>
        <Attr Name="UsedIn" Val="synthesis"/>
        <Attr Name="UsedIn" Val="implementation"/>
        <Attr Name="UsedIn" Val="simulation"/>
      </FileInfo>
    </File>
    <File Path="$PSRCDIR/sources_1/new/two_bits_full_adder.v">
      <FileInfo>
        <Attr Name="AutoDisabled" Val="1"/>
        <Attr Name="ImportPath" Val="$PPRDIR/../../../../lab2_assignment.srcs/sources_1/new/two_bits_full_adder.v"/>
        <Attr Name="ImportTime" Val="1766127681"/>
        <Attr Name="UsedIn" Val="synthesis"/>
        <Attr Name="UsedIn" Val="implementation"/>
        <Attr Name="UsedIn" Val="simulation"/>
      </FileInfo>
    </File>
    <Config>
      <Option Name="DesignMode" Val="RTL"/>
      <Option Name="TopModule" Val="top"/>
    </Config>
  </FileSet>
  <FileSet Name="constrs_in" Type="Constrs" RelSrcDir="$PSRCDIR/constrs_1">
    <Filter Type="Constrs"/>
    <File Path="$PSRCDIR/constrs_1/imports/桌面/Basys3_Master.xdc">
      <FileInfo>
        <Attr Name="ImportPath" Val="$PPRDIR/../../../../../../桌面/Basys3_Master.xdc"/>
        <Attr Name="ImportTime" Val="1766315470"/>
        <Attr Name="UsedIn" Val="synthesis"/>
        <Attr Name="UsedIn" Val="implementation"/>
      </FileInfo>
    </File>
    <Config>
      <Option Name="ConstrsType" Val="XDC"/>
    </Config>
  </FileSet>
  <Strategy Version="1" Minor="2">
    <StratHandle Name="Vivado Synthesis Defaults" Flow="Vivado Synthesis 2018"/>
    <Step Id="synth_design"/>
  </Strategy>
</GenRun>
