<?xml version="1.0" encoding="UTF-8"?>
<GenRun Id="impl_1" LaunchPart="xc7a35tcpg236-1" LaunchTime="1766818544">
  <File Type="ROUTE-PWR" Name="room_capacity_monitor_power_routed.rpt"/>
  <File Type="PA-TCL" Name="room_capacity_monitor.tcl"/>
  <File Type="BITSTR-BMM" Name="room_capacity_monitor_bd.bmm"/>
  <File Type="ROUTE-PWR-SUM" Name="room_capacity_monitor_power_summary_routed.pb"/>
  <File Type="REPORTS-TCL" Name="room_capacity_monitor_reports.tcl"/>
  <File Type="OPT-DCP" Name="room_capacity_monitor_opt.dcp"/>
  <File Type="OPT-DRC" Name="room_capacity_monitor_drc_opted.rpt"/>
  <File Type="OPT-HWDEF" Name="room_capacity_monitor.hwdef"/>
  <File Type="PWROPT-DCP" Name="room_capacity_monitor_pwropt.dcp"/>
  <File Type="PLACE-DCP" Name="room_capacity_monitor_placed.dcp"/>
  <File Type="PLACE-IO" Name="room_capacity_monitor_io_placed.rpt"/>
  <File Type="PLACE-UTIL" Name="room_capacity_monitor_utilization_placed.rpt"/>
  <File Type="PLACE-UTIL-PB" Name="room_capacity_monitor_utilization_placed.pb"/>
  <File Type="PLACE-CTRL" Name="room_capacity_monitor_control_sets_placed.rpt"/>
  <File Type="PLACE-PRE-SIMILARITY" Name="room_capacity_monitor_incremental_reuse_pre_placed.rpt"/>
  <File Type="BG-BGN" Name="room_capacity_monitor.bgn"/>
  <File Type="POSTPLACE-PWROPT-DCP" Name="room_capacity_monitor_postplace_pwropt.dcp"/>
  <File Type="BG-BIN" Name="room_capacity_monitor.bin"/>
  <File Type="PHYSOPT-DCP" Name="room_capacity_monitor_physopt.dcp"/>
  <File Type="BITSTR-MSK" Name="room_capacity_monitor.msk"/>
  <File Type="ROUTE-ERROR-DCP" Name="room_capacity_monitor_routed_error.dcp"/>
  <File Type="ROUTE-DCP" Name="room_capacity_monitor_routed.dcp"/>
  <File Type="ROUTE-BLACKBOX-DCP" Name="room_capacity_monitor_routed_bb.dcp"/>
  <File Type="ROUTE-DRC" Name="room_capacity_monitor_drc_routed.rpt"/>
  <File Type="ROUTE-DRC-PB" Name="room_capacity_monitor_drc_routed.pb"/>
  <File Type="ROUTE-DRC-RPX" Name="room_capacity_monitor_drc_routed.rpx"/>
  <File Type="BITSTR-LTX" Name="room_capacity_monitor.ltx"/>
  <File Type="ROUTE-METHODOLOGY-DRC" Name="room_capacity_monitor_methodology_drc_routed.rpt"/>
  <File Type="BITSTR-MMI" Name="room_capacity_monitor.mmi"/>
  <File Type="ROUTE-METHODOLOGY-DRC-RPX" Name="room_capacity_monitor_methodology_drc_routed.rpx"/>
  <File Type="ROUTE-METHODOLOGY-DRC-PB" Name="room_capacity_monitor_methodology_drc_routed.pb"/>
  <File Type="BITSTR-SYSDEF" Name="room_capacity_monitor.sysdef"/>
  <File Type="ROUTE-PWR-RPX" Name="room_capacity_monitor_power_routed.rpx"/>
  <File Type="ROUTE-STATUS" Name="room_capacity_monitor_route_status.rpt"/>
  <File Type="ROUTE-STATUS-PB" Name="room_capacity_monitor_route_status.pb"/>
  <File Type="ROUTE-TIMINGSUMMARY" Name="room_capacity_monitor_timing_summary_routed.rpt"/>
  <File Type="ROUTE-TIMING-PB" Name="room_capacity_monitor_timing_summary_routed.pb"/>
  <File Type="ROUTE-TIMING-RPX" Name="room_capacity_monitor_timing_summary_routed.rpx"/>
  <File Type="ROUTE-CLK" Name="room_capacity_monitor_clock_utilization_routed.rpt"/>
  <File Type="ROUTE-BUS-SKEW" Name="room_capacity_monitor_bus_skew_routed.rpt"/>
  <File Type="ROUTE-BUS-SKEW-PB" Name="room_capacity_monitor_bus_skew_routed.pb"/>
  <File Type="ROUTE-BUS-SKEW-RPX" Name="room_capacity_monitor_bus_skew_routed.rpx"/>
  <File Type="POSTROUTE-PHYSOPT-DCP" Name="room_capacity_monitor_postroute_physopt.dcp"/>
  <File Type="POSTROUTE-PHYSOPT-BLACKBOX-DCP" Name="room_capacity_monitor_postroute_physopt_bb.dcp"/>
  <File Type="BG-BIT" Name="room_capacity_monitor.bit"/>
  <File Type="BITSTR-RBT" Name="room_capacity_monitor.rbt"/>
  <File Type="BITSTR-NKY" Name="room_capacity_monitor.nky"/>
  <File Type="BG-DRC" Name="room_capacity_monitor.drc"/>
  <File Type="RDI-RDI" Name="room_capacity_monitor.vdi"/>
  <File Type="WBT-USG" Name="usage_statistics_webtalk.html"/>
  <FileSet Name="sources" Type="DesignSrcs" RelSrcDir="$PSRCDIR/sources_1">
    <Filter Type="Srcs"/>
    <File Path="$PSRCDIR/sources_1/new/enable_gen.v">
      <FileInfo>
        <Attr Name="ImportPath" Val="$PPRDIR/../../../../../../../../lab4_assignment/lab4_assignment.srcs/sources_1/new/enable_gen.v"/>
        <Attr Name="ImportTime" Val="1766748518"/>
        <Attr Name="UsedIn" Val="synthesis"/>
        <Attr Name="UsedIn" Val="implementation"/>
        <Attr Name="UsedIn" Val="simulation"/>
      </FileInfo>
    </File>
    <File Path="$PSRCDIR/sources_1/new/enter_room.v">
      <FileInfo>
        <Attr Name="ImportPath" Val="$PPRDIR/../../../../../../../../lab4_assignment/lab4_assignment.srcs/sources_1/new/enter_room.v"/>
        <Attr Name="ImportTime" Val="1766818264"/>
        <Attr Name="UsedIn" Val="synthesis"/>
        <Attr Name="UsedIn" Val="implementation"/>
        <Attr Name="UsedIn" Val="simulation"/>
      </FileInfo>
    </File>
    <File Path="$PSRCDIR/sources_1/new/fingerprint_scan.v">
      <FileInfo>
        <Attr Name="ImportPath" Val="$PPRDIR/../../../../../../../../lab4_assignment/lab4_assignment.srcs/sources_1/new/fingerprint_scan.v"/>
        <Attr Name="ImportTime" Val="1766758651"/>
        <Attr Name="UsedIn" Val="synthesis"/>
        <Attr Name="UsedIn" Val="implementation"/>
        <Attr Name="UsedIn" Val="simulation"/>
      </FileInfo>
    </File>
    <File Path="$PSRCDIR/sources_1/new/instruction_display.v">
      <FileInfo>
        <Attr Name="ImportPath" Val="$PPRDIR/../../../../../../../../lab4_assignment/lab4_assignment.srcs/sources_1/new/instruction_display.v"/>
        <Attr Name="ImportTime" Val="1766817415"/>
        <Attr Name="UsedIn" Val="synthesis"/>
        <Attr Name="UsedIn" Val="implementation"/>
        <Attr Name="UsedIn" Val="simulation"/>
      </FileInfo>
    </File>
    <File Path="$PSRCDIR/sources_1/new/room_capacity_monitor.v">
      <FileInfo>
        <Attr Name="ImportPath" Val="$PPRDIR/../../../../../../../../lab4_assignment/lab4_assignment.srcs/sources_1/new/room_capacity_monitor.v"/>
        <Attr Name="ImportTime" Val="1766817327"/>
        <Attr Name="UsedIn" Val="synthesis"/>
        <Attr Name="UsedIn" Val="implementation"/>
        <Attr Name="UsedIn" Val="simulation"/>
      </FileInfo>
    </File>
    <File Path="$PSRCDIR/sources_1/new/clock_enable.v">
      <FileInfo>
        <Attr Name="AutoDisabled" Val="1"/>
        <Attr Name="ImportPath" Val="$PPRDIR/../../../../../../../../lab4_assignment/lab4_assignment.srcs/sources_1/new/clock_enable.v"/>
        <Attr Name="ImportTime" Val="1766735102"/>
        <Attr Name="UsedIn" Val="synthesis"/>
        <Attr Name="UsedIn" Val="implementation"/>
        <Attr Name="UsedIn" Val="simulation"/>
      </FileInfo>
    </File>
    <File Path="$PSRCDIR/sources_1/new/clk_1hz.v">
      <FileInfo>
        <Attr Name="AutoDisabled" Val="1"/>
        <Attr Name="ImportPath" Val="$PPRDIR/../../../../../../../../lab4_assignment/lab4_assignment.srcs/sources_1/new/clk_1hz.v"/>
        <Attr Name="ImportTime" Val="1766734594"/>
        <Attr Name="UsedIn" Val="synthesis"/>
        <Attr Name="UsedIn" Val="implementation"/>
        <Attr Name="UsedIn" Val="simulation"/>
      </FileInfo>
    </File>
    <Config>
      <Option Name="DesignMode" Val="RTL"/>
      <Option Name="TopModule" Val="room_capacity_monitor"/>
    </Config>
  </FileSet>
  <FileSet Name="constrs_in" Type="Constrs" RelSrcDir="$PSRCDIR/constrs_1">
    <Filter Type="Constrs"/>
    <File Path="$PSRCDIR/constrs_1/imports/Basys3_Master.xdc">
      <FileInfo>
        <Attr Name="ImportPath" Val="D:/Basys3_Master.xdc"/>
        <Attr Name="ImportTime" Val="1766816956"/>
        <Attr Name="UsedIn" Val="synthesis"/>
        <Attr Name="UsedIn" Val="implementation"/>
      </FileInfo>
    </File>
    <Config>
      <Option Name="ConstrsType" Val="XDC"/>
    </Config>
  </FileSet>
  <Strategy Version="1" Minor="2">
    <StratHandle Name="Vivado Implementation Defaults" Flow="Vivado Implementation 2018"/>
    <Step Id="init_design"/>
    <Step Id="opt_design"/>
    <Step Id="power_opt_design"/>
    <Step Id="place_design"/>
    <Step Id="post_place_power_opt_design"/>
    <Step Id="phys_opt_design"/>
    <Step Id="route_design"/>
    <Step Id="post_route_phys_opt_design"/>
    <Step Id="write_bitstream"/>
  </Strategy>
</GenRun>
