<?xml version="1.0" encoding="UTF-8"?>
<GenRun Id="synth_1" LaunchPart="xc7a35tcpg236-1" LaunchTime="1766818506">
  <File Type="PA-TCL" Name="room_capacity_monitor.tcl"/>
  <File Type="REPORTS-TCL" Name="room_capacity_monitor_reports.tcl"/>
  <File Type="RDS-RDS" Name="room_capacity_monitor.vds"/>
  <File Type="RDS-UTIL" Name="room_capacity_monitor_utilization_synth.rpt"/>
  <File Type="RDS-UTIL-PB" Name="room_capacity_monitor_utilization_synth.pb"/>
  <File Type="RDS-DCP" Name="room_capacity_monitor.dcp"/>
  <FileSet Name="sources" Type="DesignSrcs" RelSrcDir="$PSRCDIR/sources_1">
    <Filter Type="Srcs"/>
    <File Path="$PSRCDIR/sources_1/new/enable_gen.v">
      <FileInfo>
        <Attr Name="ImportPath" Val="$PPRDIR/../../../../../../../../lab4_assignment/lab4_assignment.srcs/sources_1/new/enable_gen.v"/>
        <Attr Name="ImportTime" Val="1766748518"/>
        <Attr Name="UsedIn" Val="synthesis"/>
        <Attr Name="UsedIn" Val="implementation"/>
        <Attr Name="UsedIn" Val="simulation"/>
      </FileInfo>
    </File>
    <File Path="$PSRCDIR/sources_1/new/enter_room.v">
      <FileInfo>
        <Attr Name="ImportPath" Val="$PPRDIR/../../../../../../../../lab4_assignment/lab4_assignment.srcs/sources_1/new/enter_room.v"/>
        <Attr Name="ImportTime" Val="1766818264"/>
        <Attr Name="UsedIn" Val="synthesis"/>
        <Attr Name="UsedIn" Val="implementation"/>
        <Attr Name="UsedIn" Val="simulation"/>
      </FileInfo>
    </File>
    <File Path="$PSRCDIR/sources_1/new/fingerprint_scan.v">
      <FileInfo>
        <Attr Name="ImportPath" Val="$PPRDIR/../../../../../../../../lab4_assignment/lab4_assignment.srcs/sources_1/new/fingerprint_scan.v"/>
        <Attr Name="ImportTime" Val="1766758651"/>
        <Attr Name="UsedIn" Val="synthesis"/>
        <Attr Name="UsedIn" Val="implementation"/>
        <Attr Name="UsedIn" Val="simulation"/>
      </FileInfo>
    </File>
    <File Path="$PSRCDIR/sources_1/new/instruction_display.v">
      <FileInfo>
        <Attr Name="ImportPath" Val="$PPRDIR/../../../../../../../../lab4_assignment/lab4_assignment.srcs/sources_1/new/instruction_display.v"/>
        <Attr Name="ImportTime" Val="1766817415"/>
        <Attr Name="UsedIn" Val="synthesis"/>
        <Attr Name="UsedIn" Val="implementation"/>
        <Attr Name="UsedIn" Val="simulation"/>
      </FileInfo>
    </File>
    <File Path="$PSRCDIR/sources_1/new/room_capacity_monitor.v">
      <FileInfo>
        <Attr Name="ImportPath" Val="$PPRDIR/../../../../../../../../lab4_assignment/lab4_assignment.srcs/sources_1/new/room_capacity_monitor.v"/>
        <Attr Name="ImportTime" Val="1766817327"/>
        <Attr Name="UsedIn" Val="synthesis"/>
        <Attr Name="UsedIn" Val="implementation"/>
        <Attr Name="UsedIn" Val="simulation"/>
      </FileInfo>
    </File>
    <File Path="$PSRCDIR/sources_1/new/clock_enable.v">
      <FileInfo>
        <Attr Name="AutoDisabled" Val="1"/>
        <Attr Name="ImportPath" Val="$PPRDIR/../../../../../../../../lab4_assignment/lab4_assignment.srcs/sources_1/new/clock_enable.v"/>
        <Attr Name="ImportTime" Val="1766735102"/>
        <Attr Name="UsedIn" Val="synthesis"/>
        <Attr Name="UsedIn" Val="implementation"/>
        <Attr Name="UsedIn" Val="simulation"/>
      </FileInfo>
    </File>
    <File Path="$PSRCDIR/sources_1/new/clk_1hz.v">
      <FileInfo>
        <Attr Name="AutoDisabled" Val="1"/>
        <Attr Name="ImportPath" Val="$PPRDIR/../../../../../../../../lab4_assignment/lab4_assignment.srcs/sources_1/new/clk_1hz.v"/>
        <Attr Name="ImportTime" Val="1766734594"/>
        <Attr Name="UsedIn" Val="synthesis"/>
        <Attr Name="UsedIn" Val="implementation"/>
        <Attr Name="UsedIn" Val="simulation"/>
      </FileInfo>
    </File>
    <Config>
      <Option Name="DesignMode" Val="RTL"/>
      <Option Name="TopModule" Val="room_capacity_monitor"/>
    </Config>
  </FileSet>
  <FileSet Name="constrs_in" Type="Constrs" RelSrcDir="$PSRCDIR/constrs_1">
    <Filter Type="Constrs"/>
    <File Path="$PSRCDIR/constrs_1/imports/Basys3_Master.xdc">
      <FileInfo>
        <Attr Name="ImportPath" Val="D:/Basys3_Master.xdc"/>
        <Attr Name="ImportTime" Val="1766816956"/>
        <Attr Name="UsedIn" Val="synthesis"/>
        <Attr Name="UsedIn" Val="implementation"/>
      </FileInfo>
    </File>
    <Config>
      <Option Name="ConstrsType" Val="XDC"/>
    </Config>
  </FileSet>
  <Strategy Version="1" Minor="2">
    <StratHandle Name="Vivado Synthesis Defaults" Flow="Vivado Synthesis 2018"/>
    <Step Id="synth_design"/>
  </Strategy>
</GenRun>
